"","binary_insulin","gw32","gw38"
"binary_insulin",1,0.286658643389613,0.126941688350888
"gw32",0.286658643389613,1,0.521135432580095
"gw38",0.126941688350888,0.521135432580095,1
